Title,Course Start,Course End,Application Start Date,Application End Date,Capacity,Fee,Status,Age Eligibility,Location,Institution,Detail
일반경비 신임교육 1기,2022-01-18,2022-01-21,2021-12-29,2022-01-17,30,50000,마감,,서울시어르신취업지원센터 3층/한국고용복지센터,서울시어르신취업지원센터,https://www.goldenjob.or.kr/edu/apply_view.asp?program_idx=171
일반경비원 신임교육 2기,2022-02-22,2022-02-25,2022-01-19,2022-02-18,30,50000,마감,,서울시어르신취업지원센터 3층/한국고용복지센터,서울시어르신취업지원센터,https://www.goldenjob.or.kr/edu/apply_view.asp?program_idx=172
소양교육_취업준비교육 1기(온라인 실시간),2022-02-22,2022-02-23,2022-01-24,2022-02-21,10,무료,마감,,서울시어르신취업지원센터 3층/한국고용복지센터,서울시어르신취업지원센터,https://www.goldenjob.or.kr/edu/apply_view.asp?program_idx=173
소양교육_줌(ZOOM) 활용 교육,2022-02-25,2022-02-25,2022-01-24,2022-02-23,15,무료,마감,,서울시어르신취업지원센터 3층/한국고용복지센터,서울시어르신취업지원센터,https://www.goldenjob.or.kr/edu/apply_view.asp?program_idx=174
방역소독원 교육 1기,2022-02-15,2022-02-16,2022-01-27,2022-02-14,10,무료,마감,,서울시어르신취업지원센터 3층/한국고용복지센터,서울시어르신취업지원센터,https://www.goldenjob.or.kr/edu/apply_view.asp?program_idx=175
2022년 직업교육_일반경비원 신임교육 3기,2022-03-22,2022-03-25,2022-02-17,2022-03-18,30,50000,마감,,서울시어르신취업지원센터 3층/한국고용복지센터,서울시어르신취업지원센터,https://www.goldenjob.or.kr/edu/apply_view.asp?program_idx=176
취업준비교육 2기(온라인 실시간),2022-03-29,2022-03-30,2022-03-02,2022-03-28,10,무료,마감,,서울시어르신취업지원센터 3층/한국고용복지센터,서울시어르신취업지원센터,https://www.goldenjob.or.kr/edu/apply_view.asp?program_idx=177
시니어를 위한 노무특강,2022-03-23,2022-03-23,2022-03-02,2022-03-22,10,무료,마감,,서울시어르신취업지원센터 3층/한국고용복지센터,서울시어르신취업지원센터,https://www.goldenjob.or.kr/edu/apply_view.asp?program_idx=178
취업설계교육 1기(온라인 실시간),2022-04-05,2022-04-14,2022-03-14,2022-04-14,10,무료,마감,,서울시어르신취업지원센터 3층/한국고용복지센터,서울시어르신취업지원센터,https://www.goldenjob.or.kr/edu/apply_view.asp?program_idx=179
[마감]소양교육_줌(ZOOM) 활용 교육 2기,2022-04-22,2022-04-22,2022-03-22,2022-04-21,15,무료,마감,,서울시어르신취업지원센터 3층/한국고용복지센터,서울시어르신취업지원센터,https://www.goldenjob.or.kr/edu/apply_view.asp?program_idx=180
2022년 직업교육_일반경비원 신임교육 4기,2022-04-26,2022-04-29,2022-03-24,2022-04-22,30,50000,마감,,서울시어르신취업지원센터 3층/한국고용복지센터,서울시어르신취업지원센터,https://www.goldenjob.or.kr/edu/apply_view.asp?program_idx=181
도보배달원교육 1기,2022-04-28,2022-04-29,2022-03-28,2022-04-29,10,무료,마감,,서울시어르신취업지원센터 3층/한국고용복지센터,서울시어르신취업지원센터,https://www.goldenjob.or.kr/edu/apply_view.asp?program_idx=182
병원동행매니저 교육 1기,2022-04-28,2022-04-29,2022-04-11,2022-04-22,10,무료,마감,,서울시어르신취업지원센터 3층/한국고용복지센터,서울시어르신취업지원센터,https://www.goldenjob.or.kr/edu/apply_view.asp?program_idx=183
취업준비교육 3기(대면 교육),2022-04-26,2022-04-27,2022-03-31,2022-04-25,10,무료,마감,,서울시어르신취업지원센터 3층/한국고용복지센터,서울시어르신취업지원센터,https://www.goldenjob.or.kr/edu/apply_view.asp?program_idx=184
2022년 직업교육_일반경비원 신임교육 5기,2022-05-24,2022-05-27,2022-04-15,2022-05-20,30,50000,마감,,서울시어르신취업지원센터 3층/한국고용복지센터,서울시어르신취업지원센터,https://www.goldenjob.or.kr/edu/apply_view.asp?program_idx=185
기계활용건물청소원 교육 1기,2022-05-11,2022-05-12,2022-04-22,2022-05-06,15,무료,마감,,서울시어르신취업지원센터 3층/한국고용복지센터,서울시어르신취업지원센터,https://www.goldenjob.or.kr/edu/apply_view.asp?program_idx=186
시니어 구직자를 위한 힐링프로그램,2022-05-18,2022-05-18,2022-04-25,2022-05-17,15,무료,마감,,서울시어르신취업지원센터 3층/한국고용복지센터,서울시어르신취업지원센터,https://www.goldenjob.or.kr/edu/apply_view.asp?program_idx=187
취업준비교육 4기,2022-05-24,2022-05-25,2022-04-28,2022-05-24,15,무료,마감,,서울시어르신취업지원센터 3층/한국고용복지센터,서울시어르신취업지원센터,https://www.goldenjob.or.kr/edu/apply_view.asp?program_idx=188
2022년 직업교육_일반경비원 신임교육 6기,2022-05-31,2022-06-03,2022-05-16,2022-05-30,30,50000,마감,,서울시어르신취업지원센터 3층/한국고용복지센터,서울시어르신취업지원센터,https://www.goldenjob.or.kr/edu/apply_view.asp?program_idx=189
기계식주차관리원 교육 1기,2022-05-26,2022-05-27,2022-05-17,2022-05-25,20,무료,마감,,서울시어르신취업지원센터 3층/한국고용복지센터,서울시어르신취업지원센터,https://www.goldenjob.or.kr/edu/apply_view.asp?program_idx=190
온라인 입사지원 특강 1기,2022-06-22,2022-06-22,2022-05-20,2022-06-22,10,무료,마감,,서울시어르신취업지원센터 3층/한국고용복지센터,서울시어르신취업지원센터,https://www.goldenjob.or.kr/edu/apply_view.asp?program_idx=191
소독방역원 교육 2기,2022-06-08,2022-06-09,2022-05-25,2022-06-07,20,무료,마감,,서울시어르신취업지원센터 3층/한국고용복지센터,서울시어르신취업지원센터,https://www.goldenjob.or.kr/edu/apply_view.asp?program_idx=192
2022년 직업교육_일반경비원 신임교육 7기,2022-06-21,2022-06-24,2022-06-07,2022-06-20,30,50000,마감,,서울시어르신취업지원센터 3층/한국고용복지센터,서울시어르신취업지원센터,https://www.goldenjob.or.kr/edu/apply_view.asp?program_idx=193
취업준비교육 5기,2022-06-28,2022-06-28,2022-06-07,2022-06-28,20,무료,마감,,서울시어르신취업지원센터 3층/한국고용복지센터,서울시어르신취업지원센터,https://www.goldenjob.or.kr/edu/apply_view.asp?program_idx=194
취업설계교육 2기,2022-07-05,2022-07-12,2022-06-13,2022-07-05,20,무료,마감,,서울시어르신취업지원센터 3층/한국고용복지센터,서울시어르신취업지원센터,https://www.goldenjob.or.kr/edu/apply_view.asp?program_idx=196
2022년 직업교육_일반경비원 신임교육 8기,2022-07-19,2022-07-22,2022-06-21,2022-07-18,30,50000,마감,,서울시어르신취업지원센터 3층/한국고용복지센터,서울시어르신취업지원센터,https://www.goldenjob.or.kr/edu/apply_view.asp?program_idx=198
취업준비교육 6기,2022-07-26,2022-07-26,2022-07-01,2022-07-26,25,무료,마감,,서울시어르신취업지원센터 3층/한국고용복지센터,서울시어르신취업지원센터,https://www.goldenjob.or.kr/edu/apply_view.asp?program_idx=199
병원동행매니저 교육 2기,2022-07-20,2022-07-22,2022-07-07,2022-07-19,15,무료,마감,,서울시어르신취업지원센터 3층/한국고용복지센터,서울시어르신취업지원센터,https://www.goldenjob.or.kr/edu/apply_view.asp?program_idx=200
온라인 입사지원 특강 2기,2022-08-17,2022-08-17,2022-07-15,2022-08-17,10,무료,마감,,서울시어르신취업지원센터 3층/한국고용복지센터,서울시어르신취업지원센터,https://www.goldenjob.or.kr/edu/apply_view.asp?program_idx=201
2022년 직업교육_일반경비원 신임교육 10기,2022-08-23,2022-08-26,2022-07-19,2022-08-22,30,50000,마감,,서울시어르신취업지원센터 3층/한국고용복지센터,서울시어르신취업지원센터,https://www.goldenjob.or.kr/edu/apply_view.asp?program_idx=202
기부플래너 양성과정 교육,2022-08-17,2022-08-19,2022-08-03,2022-08-16,15,무료,마감,,서울시어르신취업지원센터 3층/한국고용복지센터,서울시어르신취업지원센터,https://www.goldenjob.or.kr/edu/apply_view.asp?program_idx=203
취업준비교육 7기,2022-08-23,2022-08-23,2022-08-04,2022-08-23,25,무료,마감,,서울시어르신취업지원센터 3층/한국고용복지센터,서울시어르신취업지원센터,https://www.goldenjob.or.kr/edu/apply_view.asp?program_idx=204
2022년 직업교육_일반경비원 신임교육 11기,2022-09-27,2022-09-30,2022-08-23,2022-09-26,30,50000,마감,,서울시어르신취업지원센터 3층/한국고용복지센터,서울시어르신취업지원센터,https://www.goldenjob.or.kr/edu/apply_view.asp?program_idx=207
병원동행매니저 교육 3기,2022-09-14,2022-09-16,2022-08-26,2022-09-13,15,무료,마감,,서울시어르신취업지원센터 3층/한국고용복지센터,서울시어르신취업지원센터,https://www.goldenjob.or.kr/edu/apply_view.asp?program_idx=208
취업준비교육 8기,2022-09-27,2022-09-27,2022-08-29,2022-09-27,25,무료,마감,,서울시어르신취업지원센터 3층/한국고용복지센터,서울시어르신취업지원센터,https://www.goldenjob.or.kr/edu/apply_view.asp?program_idx=209
온라인 입사지원 특강 3기,2022-09-21,2022-09-21,2022-08-29,2022-09-21,10,무료,마감,,서울시어르신취업지원센터 3층/한국고용복지센터,서울시어르신취업지원센터,https://www.goldenjob.or.kr/edu/apply_view.asp?program_idx=210
시니어를 위한 노무특강 2기,2022-09-16,2022-09-16,2022-08-29,2022-09-16,25,무료,마감,,서울시어르신취업지원센터 3층/한국고용복지센터,서울시어르신취업지원센터,https://www.goldenjob.or.kr/edu/apply_view.asp?program_idx=211
도보배달원교육 2기,2022-09-20,2022-09-20,2022-08-30,2022-09-19,20,무료,마감,,서울시어르신취업지원센터 3층/한국고용복지센터,서울시어르신취업지원센터,https://www.goldenjob.or.kr/edu/apply_view.asp?program_idx=212
취업설계교육 3기,2022-10-05,2022-10-12,2022-09-13,2022-10-05,15,무료,마감,,서울시어르신취업지원센터 3층/한국고용복지센터,서울시어르신취업지원센터,https://www.goldenjob.or.kr/edu/apply_view.asp?program_idx=213
장롱면허 되살리기-요양보호사 교육과정,2022-10-13,2022-10-13,2022-09-26,2022-10-12,20,무료,마감,,서울시어르신취업지원센터 3층/한국고용복지센터,서울시어르신취업지원센터,https://www.goldenjob.or.kr/edu/apply_view.asp?program_idx=214
2022년 직업교육_일반경비원 신임교육 12기,2022-10-25,2022-10-28,2022-09-27,2022-10-24,30,50000,마감,,서울시어르신취업지원센터 3층/한국고용복지센터,서울시어르신취업지원센터,https://www.goldenjob.or.kr/edu/apply_view.asp?program_idx=215
취업준비교육 9기,2022-10-25,2022-10-25,2022-10-05,2022-10-25,25,무료,마감,,서울시어르신취업지원센터 3층/한국고용복지센터,서울시어르신취업지원센터,https://www.goldenjob.or.kr/edu/apply_view.asp?program_idx=229
기계식주차관리원 교육 2기,2022-10-26,2022-10-27,2022-10-05,2022-10-25,20,무료,마감,,서울시어르신취업지원센터 3층/한국고용복지센터,서울시어르신취업지원센터,https://www.goldenjob.or.kr/edu/apply_view.asp?program_idx=230
온라인 입사지원 특강 4기,2022-11-16,2022-11-16,2022-10-17,2022-11-16,10,무료,마감,,서울시어르신취업지원센터 3층/한국고용복지센터,서울시어르신취업지원센터,https://www.goldenjob.or.kr/edu/apply_view.asp?program_idx=231
2022년 직업교육_일반경비원 신임교육 13기,2022-11-22,2022-11-25,2022-10-25,2022-11-21,30,50000,마감,,서울시어르신취업지원센터 3층/한국고용복지센터,서울시어르신취업지원센터,https://www.goldenjob.or.kr/edu/apply_view.asp?program_idx=233
기계활용건물청소원 교육 2기,2022-11-15,2022-11-16,2022-10-31,2022-11-14,20,무료,마감,,서울시어르신취업지원센터 3층/한국고용복지센터,서울시어르신취업지원센터,https://www.goldenjob.or.kr/edu/apply_view.asp?program_idx=234
취업준비교육 10기,2022-11-22,2022-11-22,2022-11-02,2022-11-22,25,무료,마감,,서울시어르신취업지원센터 3층/한국고용복지센터,서울시어르신취업지원센터,https://www.goldenjob.or.kr/edu/apply_view.asp?program_idx=235
2023년 공공일자리 훑어보기,2022-11-28,2022-11-28,2022-11-14,2022-11-25,20,무료,마감,,서울시어르신취업지원센터 3층/한국고용복지센터,서울시어르신취업지원센터,https://www.goldenjob.or.kr/edu/apply_view.asp?program_idx=236
2022년 직업교육_일반경비원 신임교육 14기,2022-12-06,2022-12-09,2022-11-14,2022-12-05,30,50000,마감,,서울시어르신취업지원센터 3층/한국고용복지센터,서울시어르신취업지원센터,https://www.goldenjob.or.kr/edu/apply_view.asp?program_idx=237
면접을 부르는 입사지원서류 완성하기,2022-12-06,2022-12-06,2022-11-18,2022-12-06,10,무료,마감,,서울시어르신취업지원센터 3층/한국고용복지센터,서울시어르신취업지원센터,https://www.goldenjob.or.kr/edu/apply_view.asp?program_idx=238
2023년 직업교육_일반경비원 신임교육 1기,2023-01-17,2023-01-20,2023-01-02,2023-01-16,30,50000,마감,,서울시어르신취업지원센터 3층/한국고용복지센터,서울시어르신취업지원센터,https://www.goldenjob.or.kr/edu/apply_view.asp?program_idx=239
2023년 취업준비교육 1기,2023-01-30,2023-01-30,2023-01-03,2023-01-29,25,무료,마감,,서울시어르신취업지원센터 3층/한국고용복지센터,서울시어르신취업지원센터,https://www.goldenjob.or.kr/edu/apply_view.asp?program_idx=240
2023년 직업교육_일반경비원 신임교육 2기,2023-02-21,2023-02-24,2023-01-17,2023-02-20,30,50000,마감,,서울시어르신취업지원센터 3층/한국고용복지센터,서울시어르신취업지원센터,https://www.goldenjob.or.kr/edu/apply_view.asp?program_idx=241
2023년 취업준비교육 2기,2023-02-14,2023-02-14,2023-01-25,2023-02-14,25,무료,마감,,서울시어르신취업지원센터 3층/한국고용복지센터,서울시어르신취업지원센터,https://www.goldenjob.or.kr/edu/apply_view.asp?program_idx=242
소독방역원 교육,2023-02-22,2023-02-23,2023-02-06,2023-02-21,20,무료,마감,,서울시어르신취업지원센터 3층/한국고용복지센터,서울시어르신취업지원센터,https://www.goldenjob.or.kr/edu/apply_view.asp?program_idx=243
시니어를 위한 노무특강 1기,2023-02-28,2023-02-28,2023-02-09,2023-02-28,20,무료,마감,,서울시어르신취업지원센터 3층/한국고용복지센터,서울시어르신취업지원센터,https://www.goldenjob.or.kr/edu/apply_view.asp?program_idx=244
2023년 직업교육_일반경비원 신임교육 3기,2023-03-21,2023-03-24,2023-02-13,2023-03-20,30,50000,마감,,서울시어르신취업지원센터 3층/한국고용복지센터,서울시어르신취업지원센터,https://www.goldenjob.or.kr/edu/apply_view.asp?program_idx=246
취업준비교육 3기,2023-03-14,2023-03-14,2023-02-15,2023-03-14,25,무료,마감,,서울시어르신취업지원센터 3층/한국고용복지센터,서울시어르신취업지원센터,https://www.goldenjob.or.kr/edu/apply_view.asp?program_idx=247
온라인 입사지원 교육 1기,2023-03-29,2023-03-29,2023-03-06,2023-03-29,10,무료,마감,,서울시어르신취업지원센터 3층/한국고용복지센터,서울시어르신취업지원센터,https://www.goldenjob.or.kr/edu/apply_view.asp?program_idx=248
도보배달원 교육,2023-03-16,2023-03-16,2023-03-07,2023-03-15,20,무료,마감,,서울시어르신취업지원센터 3층/한국고용복지센터,서울시어르신취업지원센터,https://www.goldenjob.or.kr/edu/apply_view.asp?program_idx=252
민간일자리 훑어보기,2023-03-23,2023-03-23,2023-03-08,2023-03-22,20,무료,마감,,서울시어르신취업지원센터 3층/한국고용복지센터,서울시어르신취업지원센터,https://www.goldenjob.or.kr/edu/apply_view.asp?program_idx=253
2023년 직업교육_일반경비원 신임교육 4기,2023-04-18,2023-04-21,2023-03-17,2023-04-17,30,50000,마감,,서울시어르신취업지원센터 3층/한국고용복지센터,서울시어르신취업지원센터,https://www.goldenjob.or.kr/edu/apply_view.asp?program_idx=254
취업준비교육 4기,2023-04-11,2023-04-11,2023-03-17,2023-04-11,20,무료,마감,,서울시어르신취업지원센터 3층/한국고용복지센터,서울시어르신취업지원센터,https://www.goldenjob.or.kr/edu/apply_view.asp?program_idx=255
병원동행매니저 교육 1기,2023-04-12,2023-04-14,2023-04-03,2023-04-07,15,무료,마감,,서울시어르신취업지원센터 3층/한국고용복지센터,서울시어르신취업지원센터,https://www.goldenjob.or.kr/edu/apply_view.asp?program_idx=256
건설업 기초안전보건교육,2023-04-21,2023-04-21,2023-04-04,2023-04-20,20,무료,마감,,서울시어르신취업지원센터 3층/한국고용복지센터,서울시어르신취업지원센터,https://www.goldenjob.or.kr/edu/apply_view.asp?program_idx=257
취업설계교육 1기,2023-04-25,2023-04-27,2023-04-10,2023-04-25,15,무료,마감,,서울시어르신취업지원센터 3층/한국고용복지센터,서울시어르신취업지원센터,https://www.goldenjob.or.kr/edu/apply_view.asp?program_idx=258
2023년 직업교육_일반경비원 신임교육 5기,2023-05-23,2023-05-26,2023-04-11,2023-05-22,30,50000,마감,,서울시어르신취업지원센터 3층/한국고용복지센터,서울시어르신취업지원센터,https://www.goldenjob.or.kr/edu/apply_view.asp?program_idx=259
취업준비교육 5기,2023-05-16,2023-05-16,2023-04-20,2023-05-16,20,무료,마감,,서울시어르신취업지원센터 3층/한국고용복지센터,서울시어르신취업지원센터,https://www.goldenjob.or.kr/edu/apply_view.asp?program_idx=260
공공일자리 훑어보기 1기,2023-05-10,2023-05-10,2023-04-28,2023-05-09,20,무료,마감,,서울시어르신취업지원센터 3층/한국고용복지센터,서울시어르신취업지원센터,https://www.goldenjob.or.kr/edu/apply_view.asp?program_idx=261
면접을 부르는 입사지원서류 완성하기,2023-05-18,2023-05-18,2023-05-04,2023-05-18,10,무료,마감,,서울시어르신취업지원센터 3층/한국고용복지센터,서울시어르신취업지원센터,https://www.goldenjob.or.kr/edu/apply_view.asp?program_idx=262
취업준비교육 6기,2023-06-13,2023-06-13,2023-05-19,2023-06-13,20,무료,마감,,서울시어르신취업지원센터 3층/한국고용복지센터,서울시어르신취업지원센터,https://www.goldenjob.or.kr/edu/apply_view.asp?program_idx=263
2023년 직업교육_일반경비원 신임교육 6기 (주차원 교육 포함),2023-06-20,2023-06-23,2023-06-02,2023-06-19,30,50000,마감,,서울시어르신취업지원센터 3층/한국고용복지센터,서울시어르신취업지원센터,https://www.goldenjob.or.kr/edu/apply_view.asp?program_idx=266
기계활용 건물청소원 교육 1기,2023-06-28,2023-06-29,2023-06-13,2023-06-27,20,무료,마감,,서울시어르신취업지원센터 3층/한국고용복지센터,서울시어르신취업지원센터,https://www.goldenjob.or.kr/edu/apply_view.asp?program_idx=278
취업준비교육 7기,2023-07-11,2023-07-11,2023-06-15,2023-07-11,20,무료,마감,,서울시어르신취업지원센터 3층/한국고용복지센터,서울시어르신취업지원센터,https://www.goldenjob.or.kr/edu/apply_view.asp?program_idx=279
2023년 직업교육_일반경비원 신임교육 7기,2023-07-18,2023-07-21,2023-06-20,2023-07-17,30,50000,마감,,서울시어르신취업지원센터 3층/한국고용복지센터,서울시어르신취업지원센터,https://www.goldenjob.or.kr/edu/apply_view.asp?program_idx=280
건설업 기초안전보건교육,2023-07-21,2023-07-21,2023-06-22,2023-07-20,20,무료,마감,,서울시어르신취업지원센터 3층/한국고용복지센터,서울시어르신취업지원센터,https://www.goldenjob.or.kr/edu/apply_view.asp?program_idx=281
온라인 입사지원 교육 2기,2023-07-19,2023-07-19,2023-06-30,2023-07-19,15,무료,마감,,서울시어르신취업지원센터 3층/한국고용복지센터,서울시어르신취업지원센터,https://www.goldenjob.or.kr/edu/apply_view.asp?program_idx=293
2023년 직업교육_일반경비원 신임교육 8기,2023-08-22,2023-08-25,2023-07-18,2023-08-21,30,50000,마감,,서울시어르신취업지원센터 3층/한국고용복지센터,서울시어르신취업지원센터,https://www.goldenjob.or.kr/edu/apply_view.asp?program_idx=294
취업준비교육 8기,2023-08-22,2023-08-22,2023-07-24,2023-08-22,20,무료,마감,,서울시어르신취업지원센터 3층/한국고용복지센터,서울시어르신취업지원센터,https://www.goldenjob.or.kr/edu/apply_view.asp?program_idx=295
취업을 위한 스마트폰 교육,2023-08-17,2023-08-17,2023-08-03,2023-08-17,10,무료,마감,,서울시어르신취업지원센터 3층/한국고용복지센터,서울시어르신취업지원센터,https://www.goldenjob.or.kr/edu/apply_view.asp?program_idx=296
2023년 직업교육_일반경비원 신임교육 9기,2023-09-19,2023-09-22,2023-08-22,2023-09-18,30,50000,마감,,서울시어르신취업지원센터 3층/한국고용복지센터,서울시어르신취업지원센터,https://www.goldenjob.or.kr/edu/apply_view.asp?program_idx=297
취업준비교육 9기,2023-09-12,2023-09-12,2023-08-23,2023-09-12,20,무료,마감,,서울시어르신취업지원센터 3층/한국고용복지센터,서울시어르신취업지원센터,https://www.goldenjob.or.kr/edu/apply_view.asp?program_idx=298
소독방역원 교육 2기,2023-09-20,2023-09-21,2023-08-28,2023-09-19,20,무료,마감,,서울시어르신취업지원센터 3층/한국고용복지센터,서울시어르신취업지원센터,https://www.goldenjob.or.kr/edu/apply_view.asp?program_idx=299
취업을 위한 스마트폰 교육 2기,2023-09-22,2023-09-22,2023-09-06,2023-09-22,10,무료,마감,,서울시어르신취업지원센터 3층/한국고용복지센터,서울시어르신취업지원센터,https://www.goldenjob.or.kr/edu/apply_view.asp?program_idx=300
2023년 직업교육_일반경비원 신임교육 10기,2023-10-24,2023-10-27,2023-09-19,2023-10-23,30,50000,마감,,서울시어르신취업지원센터 3층/한국고용복지센터,서울시어르신취업지원센터,https://www.goldenjob.or.kr/edu/apply_view.asp?program_idx=304
취업준비교육 10기,2023-10-17,2023-10-17,2023-09-19,2023-10-17,20,무료,마감,,서울시어르신취업지원센터 3층/한국고용복지센터,서울시어르신취업지원센터,https://www.goldenjob.or.kr/edu/apply_view.asp?program_idx=305
취업설계교육 2기,2023-10-25,2023-10-27,2023-10-06,2023-10-25,20,무료,마감,,서울시어르신취업지원센터 3층/한국고용복지센터,서울시어르신취업지원센터,https://www.goldenjob.or.kr/edu/apply_view.asp?program_idx=306
공공일자리 훑어보기 2기,2023-11-07,2023-11-07,2023-10-24,2023-11-06,20,무료,마감,,서울시어르신취업지원센터 3층/한국고용복지센터,서울시어르신취업지원센터,https://www.goldenjob.or.kr/edu/apply_view.asp?program_idx=307
취업준비교육 11기,2023-11-14,2023-11-14,2023-10-24,2023-11-14,20,무료,마감,,서울시어르신취업지원센터 3층/한국고용복지센터,서울시어르신취업지원센터,https://www.goldenjob.or.kr/edu/apply_view.asp?program_idx=308
면접을 부르는 입사지원서류 완성하기 2기,2023-11-10,2023-11-10,2023-10-24,2023-11-10,10,무료,마감,,서울시어르신취업지원센터 3층/한국고용복지센터,서울시어르신취업지원센터,https://www.goldenjob.or.kr/edu/apply_view.asp?program_idx=309
2023년 직업교육_일반경비원 신임교육 11기 (주차원 교육 포함),2023-11-20,2023-11-23,2023-10-25,2023-11-17,30,50000,마감,,서울시어르신취업지원센터 3층/한국고용복지센터,서울시어르신취업지원센터,https://www.goldenjob.or.kr/edu/apply_view.asp?program_idx=310
2023년 직업교육_일반경비원 신임교육 12기,2023-12-05,2023-12-08,2023-11-08,2023-12-04,30,50000,마감,,서울시어르신취업지원센터 3층/한국고용복지센터,서울시어르신취업지원센터,https://www.goldenjob.or.kr/edu/apply_view.asp?program_idx=311
2024년 직업교육_일반경비원 신임교육 1기,2024-01-23,2024-01-26,2024-01-03,2024-01-22,40,50000,마감,,서울시어르신취업지원센터 3층/한국고용복지센터,서울시어르신취업지원센터,https://www.goldenjob.or.kr/edu/apply_view.asp?program_idx=312
취업준비교육 1기 ,2024-01-30,2024-01-30,2024-01-05,2024-01-30,20,무료,마감,,서울시어르신취업지원센터 3층/한국고용복지센터,서울시어르신취업지원센터,https://www.goldenjob.or.kr/edu/apply_view.asp?program_idx=313
취업준비교육 2기,2024-02-20,2024-02-20,2024-01-29,2024-02-20,20,무료,마감,,서울시어르신취업지원센터 3층/한국고용복지센터,서울시어르신취업지원센터,https://www.goldenjob.or.kr/edu/apply_view.asp?program_idx=336
2024년 직업교육_일반경비원 신임교육 2기,2024-02-20,2024-02-23,2024-02-01,2024-02-19,40,50000,마감,,서울시어르신취업지원센터 3층/한국고용복지센터,서울시어르신취업지원센터,https://www.goldenjob.or.kr/edu/apply_view.asp?program_idx=337
취업준비교육 3기,2024-03-12,2024-03-12,2024-02-14,2024-03-12,20,무료,마감,,서울시어르신취업지원센터 3층/한국고용복지센터,서울시어르신취업지원센터,https://www.goldenjob.or.kr/edu/apply_view.asp?program_idx=338
민간일자리 훑어보기,2024-03-14,2024-03-14,2024-02-26,2024-03-13,20,무료,마감,,서울시어르신취업지원센터 3층/한국고용복지센터,서울시어르신취업지원센터,https://www.goldenjob.or.kr/edu/apply_view.asp?program_idx=339
2024년 직업교육_일반경비원 신임교육 3기,2024-03-19,2024-03-22,2024-03-04,2024-03-18,30,50000,마감,,서울시어르신취업지원센터 3층/한국고용복지센터,서울시어르신취업지원센터,https://www.goldenjob.or.kr/edu/apply_view.asp?program_idx=341
취업준비교육 4기,2024-04-16,2024-04-16,2024-03-12,2024-04-16,20,무료,마감,,서울시어르신취업지원센터 3층/한국고용복지센터,서울시어르신취업지원센터,https://www.goldenjob.or.kr/edu/apply_view.asp?program_idx=342
건설업 기초안전보건교육,2024-04-19,2024-04-19,2024-03-25,2024-04-18,20,무료,마감,,서울시어르신취업지원센터 3층/한국고용복지센터,서울시어르신취업지원센터,https://www.goldenjob.or.kr/edu/apply_view.asp?program_idx=343
취업을 위한 스마트폰 교육,2024-04-18,2024-04-18,2024-03-26,2024-04-17,10,무료,마감,,서울시어르신취업지원센터 3층/한국고용복지센터,서울시어르신취업지원센터,https://www.goldenjob.or.kr/edu/apply_view.asp?program_idx=344
2024년 직업교육_일반경비원 신임교육 4기,2024-04-16,2024-04-19,2024-04-02,2024-04-15,30,50000,마감,,서울시어르신취업지원센터 3층/한국고용복지센터,서울시어르신취업지원센터,https://www.goldenjob.or.kr/edu/apply_view.asp?program_idx=345
취업준비교육 5기,2024-05-14,2024-05-14,2024-04-19,2024-05-14,20,무료,마감,,서울시어르신취업지원센터 3층/한국고용복지센터,서울시어르신취업지원센터,https://www.goldenjob.or.kr/edu/apply_view.asp?program_idx=346
"[4060세대 취업심화교육] 4.18(목)~4.19(금) “4060 명견만리 기반 이,전직 전략”",2024-04-18,2024-04-19,2024-03-19,2024-04-18,100,무료,마감,40세 ~ 69세,유튜브 라이브방송,서울일자리포털,
[4060세대 중장년 취업특강] 11.16(목) “성공적 진로전환을 위한 진로설계!”,2023-11-16,2023-11-16,2023-10-10,2023-11-16,20,무료,마감,40세 ~ 69세,* 서울일자리센터 3층 교육장(서울시청 무교별관) *,서울일자리포털,
[5060세대 재진입 취업기본교육] 10.12(목) “5060 중장년 인생 3모작 준비전략!”,2023-10-12,2023-10-12,2023-09-04,2023-10-12,20,무료,마감,50세 ~ 69세,* 서울일자리센터 3층 교육장(서울시청 무교별관) *,서울일자리포털,
[4060세대 취업심화교육] 9.6(수)~7(목) “중장년 4060 커리어 성공 노하우”,2023-09-06,2023-09-07,2023-08-02,2023-09-06,20,무료,마감,40세 ~ 69세,* 서울일자리센터 3층 교육장(서울시청 무교별관) *,서울일자리포털,
[4060세대 취업특강] 8.3(목) “4060 이/전직 성공전략”,2023-08-03,2023-08-03,2023-06-19,2023-08-03,200,무료,마감,40세 ~ 69세,유튜브 라이브방송,서울일자리포털,
[4060세대 취업심화교육] 6.21(수)~22(목) “4060 나에게 맞는 이/전직 성공 취업전략”,2023-06-21,2023-06-22,2023-05-19,2023-06-21,20,무료,마감,40세 ~ 69세,* 서울일자리센터 3층 교육장(서울시청 무교별관) *,서울일자리포털,
[4060세대 취업심화교육] 5.2(화)~5.3(수) “4060 중장년 재취업 핵심전략”,2023-05-02,2023-05-03,2023-03-23,2023-05-02,150,무료,마감,40세 ~ 69세,유튜브 라이브방송,서울일자리포털,
[5060세대 취업기본교육] 3.28(화) “RESTART 취업전략”,2023-03-28,2023-03-28,2023-02-22,2023-03-28,120,무료,마감,50세 ~ 69세,유튜브 라이브방송,서울일자리포털,
[4060세대 취업특강] “나의 이해 및 취업전략 수립!” 11.29(화),2022-11-29,2022-11-29,2022-10-31,2022-11-29,140,무료,마감,39세 ~ 69세,*유튜브 라이브방송*,서울일자리포털,
[4060세대 심화교육] “중장년 4060 커리어 성공 노하우!” 11.1(화)~11.2(수),2022-11-01,2022-11-02,2022-09-30,2022-11-01,120,무료,마감,39세 ~ 69세,유튜브 라이브방송,서울일자리포털,
[5060세대 취업교육] “5060 신중년 내일 찾기!” 10.4(화),2022-10-04,2022-10-04,2022-09-14,2022-10-04,120,무료,마감,49세 ~ 69세,*유튜브 라이브방송*,서울일자리포털,
[5060세대 취업교육] “5060 신중년 인생 3모작 출발이다!” 7.12(화),2022-07-12,2022-07-12,2022-06-10,2022-07-12,120,무료,마감,49세 ~ 99세,유튜브 라이브방송,서울일자리포털,
[4060세대 심화교육] “4060 중장년 재취업 핵심전략!” 6.14(화)~6.15(수),2022-06-14,2022-06-15,2022-05-10,2022-06-14,50,무료,마감,40세 ~ 99세,유튜브 라이브방송,서울일자리포털,
[4060세대 심화교육] “4060 이직/전직 성공 전략!” 5.10(화)~5.11(수),2022-05-10,2022-05-11,2022-04-11,2022-05-10,50,무료,마감,40세 ~ 69세,유튜브 라이브방송,서울일자리포털,
[4060세대 취업특강] 함께하는 취업준비 “경력을 돋보이게 하는 취업전략” 4.12(화),2022-04-12,2022-04-12,2022-03-14,2022-04-12,50,무료,마감,40세 ~ 69세,유튜브 라이브방송,서울일자리포털,
"[5060세대 취업교육] “Bravo, My Job!” 재진입 전략 3.29(화)",2022-03-29,2022-03-29,2022-02-22,2022-03-29,50,무료,마감,50세 ~ 69세,유튜브 라이브방송,서울일자리포털,
[4050세대 취업교육] 인생2막! 커리어설계. 9.7(화),2021-09-07,2021-09-07,2021-08-12,2021-09-07,50,무료,마감,40세 ~ 61세,유튜브 라이브 방송,서울일자리포털,
"[5060세대]  재진입 취업교육 (유튜브 라이브 방송, 7월 13일. 화)",2021-07-13,2021-07-13,2021-06-18,2021-07-13,50,무료,마감,50세 ~ 65세,온라인,서울일자리포털,
[중장년4060 취업교육]성공적인 재취업전략!(6월16일/17일 유튜브),2021-06-16,2021-06-17,2021-05-25,2021-06-16,50,무료,마감,39세 ~ 65세,온라인,서울일자리포털,
"[중장년4060 취업심화교육] _인생2막 다시 쓰는 취업포트폴리오(4월27일~28일,유튜브 라이브 방송)",2021-04-27,2021-04-28,2021-04-01,2021-04-26,50,무료,마감,40세 ~ 69세,온라인 유튜브 라이브 방송,서울일자리포털,
"[중장년4060 취업테마교육] _4차 산업혁명시대 무엇을 준비해야 할까?  (4월20일, 유튜브 라이브 방송)",2021-04-20,2021-04-20,2021-04-01,2021-04-19,50,무료,마감,40세 ~ 69세,온라인(유튜브 라이브 방송),서울일자리포털,
"[신중년(5060)취업교육]다시 도약하는 인생 2막! (3월30일,유튜브 라이브 방송)",2021-03-30,2021-03-30,2021-02-22,2021-03-28,50,무료,마감,50세 ~ 69세,유튜브 라이브 방송,서울일자리포털,
"4050 중년 취업교육[스마트한 이전직 전략]-온라인, 2월25일(목)",2021-02-25,2021-02-25,2021-02-09,2021-02-25,50,무료,마감,40세 ~ 60세,유튜브 라이브방송,서울일자리포털,
5060 장년 취업준비교육(온라인 유튜브 라이브 방송),2020-11-26,2020-11-26,2020-11-06,2020-11-25,50,무료,마감,50세 ~ 70세,유튜브 온라인 라이브 방송,서울일자리포털,
4060중장년 커리어 역경과 위기극복 프로그램(온라인 유튜브 라이브 방송),2020-11-20,2020-11-20,2020-11-06,2020-11-19,50,무료,마감,40세 ~ 70세,유튜브 온라인 라이브 방송,서울일자리포털,커리어 역경과 위기극복 프로그램
[10월 20일~21일] 4060 중장년 온라인 취업심화교육(유튜브 라이브 방송),2020-10-20,2020-10-21,2020-09-29,2020-10-20,50,무료,마감,40세 ~ 69세,유튜브 온라인 라이브 강의,서울일자리포털,
[취소- 코로나 확산 방지]2020년 5월 21일 5060 재진입취업교육,2020-05-21,2020-05-21,2020-04-20,2020-05-20,20,무료,마감,50세 ~ 69세,서울일자리센터(서울시청 무교청사),서울일자리포털,
[취소-코로나 확산방지]2020년 3월 31일 5060토크취업특강(효과적인 직업정보 탐색과 지원서류 작성법!),2020-03-31,2020-03-31,2020-02-13,2020-03-27,20,무료,마감,50세 ~ 69세,서울일자리센터(서울시청 무교로청사),서울일자리포털,
2019년 10월 5060취업심화교육 : 신(新)중년의 내:일(FUTURE:MY JOB) 찾기,2019-10-29,2019-10-31,2019-09-18,2019-10-27,13,무료,마감,50세 ~ 64세,서울일자리센터 3층 교육장(서울시청무교별관),서울일자리포털,중장년들의 자기이해 및 구직역량 강화를 통한 취업성공률 향상
2019년 10월 15일 5060취업준비교육,2019-10-15,2019-10-15,2019-09-18,2019-10-13,20,무료,마감,50세 ~ 64세,서울일자리센터(서울시청 무교로 청사),서울일자리포털,구직자 취업역량 강화를 통한 취업성공률 향상
2019년 9월 5일 5060취업준비교육,2019-09-05,2019-09-05,2019-08-16,2019-09-04,20,무료,마감,50세 ~ 64세,서울일자리센터(서울시청 무교로 청사),서울일자리포털,구직자 취업역량 강화를 통한 취업성공률 향상
시니어 노동자 교육,교육승인일로부터 21일,교육승인일로부터 21일,2024-02-27 , 2024-12-31,500,무료,접수진행중,,온라인,서울시어르신취업지원센터 온라인취업교육포털,"['경비 노동자 노동법교육1_근로계약 및 휴게시설', '경비 노동자 노동법교육2_연차휴가 및 임금', '경비 노동자 노동법교육3_산재 및 실업급여', '요양보호사 노동법교육1_근로계약 및 임금', '요양보호사 노동법교육2_실업급여 및 산재보상', '청소노동자 노동법교육1_근로계약 및 임금', '청소노동자 노동법교육2_휴가 및 휴게공간', '청소노동자 노동법교육3_실업급여 및 권리구제']"
사회복지 프로포절작성의 첫걸음,교육승인일로부터 21일,교육승인일로부터 21일,2024-02-01 , 2024-12-13,500,무료,접수진행중,,온라인,서울시어르신취업지원센터 온라인취업교육포털,"['1차시 배분사업 및 프로포절의 이해 INTRO', '1차시 배분사업 및 프로포절의 나의 상황은', '1차시 배분사업 및 프로포절의 이해 학습목표', '1차시 배분사업 및 프로포절의 이해 배분사업에 대한 이해', '1차시 배분사업 및 프로포절의 이해 프로포절이란', '1차시 배분사업 및 프로포절의 이해 기금신청과 심사기준', '1차시 배분사업 및 프로포절의 이해 작성 조건', '1차시 배분사업 및 프로포절의 이해 평가하기', '1차시 배분사업 및 프로포절의 이해 정리하기', '1차시 배분사업 및 프로포절의 이해 OUTRO', '2차시 프로포절 작성 기본기 정복하기ⅠINTRO', '2차시 프로포절 작성 기본기 정복하기Ⅰ나의 상황은', '2차시 프로포절 작성 기본기 정복하기Ⅰ강사소개', '2차시 프로포절 작성 기본기 정복하기Ⅰ 사업의 필요성', '2차시 프로포절 작성 기본기 정복하기Ⅰ 대상자 범위 설정 및 선정', '2차시 프로포절 작성 기본기 정복하기Ⅰ목적과 목표 설정', '2차시 프로포절 작성 기본기 정복하기Ⅰ평가하기', '2차시 프로포절 작성 기본기 정복하기Ⅰ정리하기', '2차시 프로포절 작성 기본기 정복하기Ⅰ OUTRO', '3차시 프로포절 작성 기본기 정복하기Ⅱ INTRO', '3차시 프로포절 작성 기본기 정복하기Ⅱ 나의 상황은', '3차시 프로포절 작성 기본기 정복하기Ⅱ 학습목표', '3차시 프로포절 작성 기본기 정복하기Ⅱ 사업 내용 작성', '3차시 프로포절 작성 기본기 정복하기Ⅱ 예산수립', '3차시 프로포절 작성 기본기 정복하기Ⅱ 평가하기', '3차시 프로포절 작성 기본기 정복하기Ⅱ 정리하기', '3차시 프로포절 작성 기본기 정복하기Ⅱ OUTRO', '4차시 프로포절 사례분석 INTRO', '4차시 프로포절 사례분석 강사소개', '4차시 프로포절 사례분석 우수사례 실패사례', '4차시 프로포절 사례분석 미선정 사례분석', '4차시 프로포절 사례분석 평가하기', '4차시 프로포절 사례분석 정리하기', '4차시 프로포절 사례분석 OUTRO']"
일자리를 부탁해 보건복지 진로 탐색,교육승인일로부터 21일,교육승인일로부터 21일,2024-02-01 , 2024-12-13,500,무료,접수진행중,,온라인,서울시어르신취업지원센터 온라인취업교육포털,"['일자리를 부탁해 보건복지 진로 탐색', '일자리를 부탁해 보건복지 진로 탐색 ']"
일자리를 부탁해 한마음혈액원편,교육승인일로부터 21일,교육승인일로부터 21일,2024-02-01 , 2024-12-13,500,무료,접수진행중,,온라인,서울시어르신취업지원센터 온라인취업교육포털,['일자리를 부탁해 한마음혈액원편 ']
일자리를 부탁해 오송종합사회복지관편,교육승인일로부터 21일,교육승인일로부터 21일,2024-02-01 , 2024-12-13,500,무료,접수진행중,,온라인,서울시어르신취업지원센터 온라인취업교육포털,['일자리를 부탁해 오송종합사회복지관편']
사회복지시설안전관리 화재 전기 가스관리,교육승인일로부터 21일,교육승인일로부터 21일,2024-02-01 , 2024-12-13,500,무료,접수진행중,,온라인,서울시어르신취업지원센터 온라인취업교육포털,"['1차시 사회복지시설 안전생활 지키기 INTRO', '1차시 사회복지시설 안전생활 지키기 들어가기', '1차시 사회복지시설 안전생활 지키기 학습목표', '1차시 사회복지시설 안전생활 지키기 왜 필요한가', '1차시 사회복지시설 안전생활 지키기 관련 법률과 정책', '1차시 사회복지시설 안전생활 지키기 이용자 행동특성', '1차시 사회복지시설 안전생활 지키기 적용하기', '1차시 사회복지시설 안전생활 지키기 평가하기', '1차시 사회복지시설 안전생활 지키기 정리하기', '1차시 사회복지시설 안전생활 지키기 OUTRO', '2차시 화재안전 예방활동 INTRO', '2차시 화재안전 예방활동 들어가기', '2차시 화재안전 예방활동 학습목표', '2차시 화재안전 예방활동 화재에 대한 이해', '2차시 화재안전 예방활동 화재 사례', '2차시 화재안전 예방활동 화재안전 교육과 소방시설', '2차시 화재안전 예방활동 적용하기', '2차시 화재안전 예방활동 평가하기', '2차시 화재안전 예방활동 정리하기', '2차시 화재안전 예방활동 OUTRO', '3차시 화재안전 초기 대응활동 INTRO', '3차시 화재안전 초기 대응활동 들어가기', '3차시 화재안전 초기 대응활동 학습목표', '3차시 화재안전 초기 대응활동 화재예방을 위한 소방시설', '3차시 화재안전 초기 대응활동 사회복지시설 설치 지역별 화재안전', '3차시 화재안전 초기 대응활동 적용하기', '3차시 화재안전 초기 대응활동 평가하기', '3차시 화재안전 초기 대응활동 정리하기', '3차시 화재안전 초기 대응활동 OUTRO', '4차시 화재안전 피난활동 INTRO', '4차시 화재안전 피난활동 들어가기', '4차시 화재안전 피난활동 학습목표', '4차시 화재안전 피난활동 초기 대처방법', '4차시 화재안전 피난활동 유형별 피난활동', '4차시 화재안전 피난활동 화재 대처방법', '4차시 화재안전 피난활동 적용하기', '4차시 화재안전 피난활동 평가하기', '4차시 화재안전 피난활동 정리하기', '4차시 화재안전 피난활동 OUTRO', '5차시 전기안전관리 INTRO', '5차시 전기안전관리 들어가기', '5차시 전기안전관리 학습목표', '5차시 전기안전관리 안전하게 사용하기', '5차시 전기안전관리 안전 활동', '5차시 전기안전관리 적용하기', '5차시 전기안전관리 평가하기', '5차시 전기안전관리 정리하기', '5차시 전기안전관리 OUTRO', '6차시 가스안전관리 INTRO', '6차시 가스안전관리 들어가기', '6차시 가스안전관리 학습목표', '6차시 가스안전관리 일반사항', '6차시 가스안전관리 가스안전사고 최소화 활동', '6차시 가스안전관리 가스안전사고 최소화 활동1', '6차시 가스안전관리 적용하기', '6차시 가스안전관리 평가하기', '6차시 가스안전관리 정리하기', '6차시 가스안전관리 OUTRO']"
사회복지시설안전관리 시설물 위생 자연재난관리,교육승인일로부터 21일,교육승인일로부터 21일,2024-02-01 , 2024-12-13,500,무료,접수진행중,,온라인,서울시어르신취업지원센터 온라인취업교육포털,"['1차시 시설물안전 안전점검 INTRO', '1차시 시설물안전 안전점검 들어가기', '1차시 시설물안전 안전점검 학습목표', '1차시 시설물안전 안전점검 일반사항', '1차시 시설물안전 안전점검 시설물 붕괴 안전관리', '1차시 시설물안전 안전점검 적용하기', '1차시 시설물안전 안전점검 평가하기', '1차시 시설물안전 안전점검 정리하기', '1차시 시설물안전 안전점검 OUTRO', '2차시 사회복지시설의 위생안전관리 INTRO', '2차시 사회복지시설의 위생안전관리 들어가기', '2차시 사회복지시설의 위생안전관리 학습목표', '2차시 사회복지시설의 위생안전관리 위생관리 일반사항', '2차시 사회복지시설의 위생안전관리 활동', '2차시 사회복지시설 이용자 위생안전수칙', '2차시 사회복지시설 이용자 위생안전수칙 적용하기', '2차시 사회복지시설 이용자 위생안전수칙 평가하기', '2차시 사회복지시설 이용자 위생안전수칙 정리하기', '2차시 사회복지시설 이용자 위생안전수칙 OUTRO', '3차시 여름철 자연재난 예방과 대비 INTRO', '3차시 여름철 자연재난 예방과 대비 들어가기', '3차시 여름철 자연재난 예방과 대비 학습목표', '3차시 여름철 자연재난 예방과 대비 대응활동', '3차시 여름철 자연재난 예방과 대비 대응활동1', '3차시 여름철 자연재난 예방과 대비 대응활동 적용하기', '3차시 여름철 자연재난 예방과 대비 대응활동 평가하기', '3차시 여름철 자연재난 예방과 대비 대응활동 정리하기', '3차시 여름철 자연재난 예방과 대비 대응활동 OUTRO', '4차시 동절기 재난안전관리 INTRO', '4차시 동절기 재난안전관리 사건사고', '4차시 동절기 재난안전관리 학습목표', '4차시 동절기 재난안전관리 황사재난 예방과 대응활동', '4차시 동절기 재난안전관리 황사재난 예방과 대응활동1', '4차시 동절기 재난안전관리 황사재난 예방과 대응활동 적용하기', '4차시 동절기 재난안전관리 황사재난 예방과 대응활동 평가하기', '4차시 동절기 재난안전관리 황사재난 예방과 대응활동 정리하기', '4차시 동절기 재난안전관리 황사재난 예방과 대응활동 OUTRO', '5차시 자연재난 안전관리 INTRO', '5차시 자연재난 안전관리 들어가기', '5차시 자연재난 안전관리 학습목표', '5차시 자연재난 안전관리 지진 지진해일 일반사항', '5차시 자연재난 안전관리 지진 지진해일 안전관리', '5차시 자연재난 안전관리 재난 시 행동', '5차시 자연재난 안전관리 적용하기', '5차시 자연재난 안전관리 평가하기', '5차시 자연재난 안전관리 정리하기', '5차시 자연재난 안전관리 OUTRO', '6차시 골든타임 INTRO', '6차시 골든타임 들어가기', '6차시 골든타임 학습목표', '6차시 골든타임 응급확자와 응급처치', '6차시 골든타임 인공호흡과 심폐소생술', '6차시 골든타임 적용하기', '6차시 골든타임 평가하기', '6차시 골든타임 정리하기', '6차시 골든타임 OUTRO']"
취업코치의 꿀팁 대방출,교육승인일로부터 21일,교육승인일로부터 21일,2024-02-01 , 2024-12-13,500,무료,접수진행중,,온라인,서울시어르신취업지원센터 온라인취업교육포털,['취업코치의 꿀팁 대방출 ']
사회복지법인 및 시설 재무회계규칙 길라잡이,교육승인일로부터 21일,교육승인일로부터 21일,2024-02-01 , 2024-12-13,500,무료,접수진행중,,온라인,서울시어르신취업지원센터 온라인취업교육포털,"['사회복지법인 및 시설 재무회계규칙 길라잡이 ', '사회복지법인 및 시설 재무회계규칙 길라잡이']"
사회복지 재무회계 첫걸음,교육승인일로부터 21일,교육승인일로부터 21일,2024-02-01 , 2024-12-13,500,무료,접수진행중,,온라인,서울시어르신취업지원센터 온라인취업교육포털,"['사회복지 재무회계 첫걸음1 법인 및 재무회계 규칙 개요', '사회복지 재무회계 첫걸음2 총칙 예산 결산', '사회복지 재무회계 첫걸음3 회계 계약 감사']"
복지재정 바로알고 바로쓰기,교육승인일로부터 21일,교육승인일로부터 21일,2024-02-01 , 2024-12-13,500,무료,접수진행중,,온라인,서울시어르신취업지원센터 온라인취업교육포털,"['1차시 복지재정누수실태와 정부정책 INTRO', '1차시 복지재정누수실태와 정부정책 생각해보기', '1차시 복지재정누수실태와 정부정책 학습목표', '1차시 복지재정누수실태와 정부정책 누수 실태', '1차시 복지재정누수실태와 정부정책 복지부정의 수법과 특징', '1차시 복지재정누수실태와 정부정책 복지부정 방지', '1차시 복지재정누수실태와 정부정책 재무회계규칙', '1차시 복지재정누수실태와 정부정책 평가하기', '1차시 복지재정누수실태와 정부정책 정리하기', '1차시 복지재정누수실태와 정부정책 참고문헌', '1차시 복지재정누수실태와 정부정책 OUTRO', '2차시 복지 보조금 부정수급 사례 INTRO', '2차시 복지 보조금 부정수급 사례 생각해보기', '2차시 복지 보조금 부정수급 사례 학습목표', '2차시 복지 보조금 부정수급 사례 보조금 부정수급', '2차시 복지 보조금 부정수급 사례 바우처 부당이용 사례', '2차시 복지 보조금 부정수급 사례 지원금 부정수급 사례', '2차시 복지 보조금 부정수급 사례 사무장병원 부정수급', '2차시 복지 보조금 부정수급 사례 평가하기', '2차시 복지 보조금 부정수급 사례 정리하기', '2차시 복지 보조금 부정수급 사례 참고문헌', '2차시 복지 보조금 부정수급 사례 OUTRO', '3차시 인건비 후원금품 부정사례 INTRO', '3차시 인건비 후원금품 부정사례 생각해보기', '3차시 인건비 후원금품 부정사례 학습목표', '3차시 인건비 후원금품 부정사례 인건비 부당수령', '3차시 인건비 후원금품 부정사례 횡령사례', '3차시 인건비 후원금품 부정사례 후원금품 횡령', '3차시 인건비 후원금품 부정사례 후원금품 편취 사례', '3차시 인건비 후원금품 부정사례 평가하기', '3차시 인건비 후원금품 부정사례 정리하기', '3차시 인건비 후원금품 부정사례 참고문헌', '3차시 인건비 후원금품 부정사례 OUTRO', '4차시 촘촘한 관리감독 청렴한 시설운영 INTRO', '4차시 촘촘한 관리감독 청렴한 시설운영 생각해보기', '4차시 촘촘한 관리감독 청렴한 시설운영 학습목표', '4차시 촘촘한 관리감독 청렴한 시설운영 시설 지도감독 부정 유형', '4차시 촘촘한 관리감독 청렴한 시설운영  운영금 부정 사례', '4차시 촘촘한 관리감독 청렴한 시설운영 운영금 부정 사례', '4차시 촘촘한 관리감독 청렴한 시설운영 복지재정 바로쓰기', '4차시 촘촘한 관리감독 청렴한 시설운영 평가하기', '4차시 촘촘한 관리감독 청렴한 시설운영 정리하기', '4차시 촘촘한 관리감독 청렴한 시설운영 참고문헌', '4차시 촘촘한 관리감독 청렴한 시설운영 OUTRO']"
"보건의료, 미래 선도하는 취업 JOB GO!",교육승인일로부터 21일,교육승인일로부터 21일,2024-02-01 , 2024-12-13,500,무료,접수진행중,,온라인,서울시어르신취업지원센터 온라인취업교육포털,"['보건의료, 미래 선도하는 취업 JOB GO! ']"
보건복지인의 셀프 동기부여,교육승인일로부터 21일,교육승인일로부터 21일,2024-02-01 , 2024-12-13,500,무료,접수진행중,,온라인,서울시어르신취업지원센터 온라인취업교육포털,"['보건복지인의 셀프 동기부여', '보건복지인의 셀프 동기부여1']"
보건복지인을 위한 문제해결능력향상,교육승인일로부터 21일,교육승인일로부터 21일,2024-01-25 , 2024-12-13,500,무료,접수진행중,,온라인,서울시어르신취업지원센터 온라인취업교육포털,"['1차시 창의적 문제해결 강의열기 인트로', '1차시 창의적 문제해결 강의열기 학습목표', '1차시 창의적 문제해결 강의열기', '1차시 창의적 문제해결 강의열기 퀴즈', '1차시  창의적 문제해결 강의열기 정리하기', '1차시 창의적 문제해결 강의열기 아웃트로', '2차시 문제해결과 정보분석 스킬I 인트로', '2차시 문제해결과 정보분석 스킬I 학습목표', '2차시 문제해결과 정보분석 스킬I', '2차시 문제해결과 정보분석 스킬I 퀴즈', '2차시 문제해결과 정보분석 스킬I 정리하기', '2차시 문제해결과 정보분석 스킬I 아웃트로', '3차시 문제해결과 정보분석Ⅱ 인트로', '3차시 문제해결과 정보분석Ⅱ 학습목표', '3차시 문제해결과 정보분석', '3차시 문제해결과 정보분석Ⅱ 퀴즈', '3차시 문제해결과 정보분석Ⅱ 정리하기', '3차시 문제해결과 정보분석Ⅱ 아웃트로', '4차시 창의적 문제해결의 원천 뇌 인트로', '4차시 창의적 문제해결의 원천 뇌 학습목표', '4차시 창의적 문제해결의 원천 뇌', '4차시 창의적 문제해결의 원천 뇌 퀴즈', '4차시 창의적 문제해결의 원천 뇌 정리하기', '4차시 창의적 문제해결의 원천 뇌 아웃트로', '5차시 창의적 문제해결역량 향상을 위한 Tools 인트로', '5차시 창의적 문제해결역량 향상을 위한 Tools 학습목표', '5차시 창의적 문제해결역량 향상을 위한 Tools', '5차시 창의적 문제해결역량 향상을 위한 Tools 퀴즈', '5차시 창의적 문제해결역량 향상을 위한 Tools 정리하기', '5차시 창의적 문제해결역량 향상을 위한 Tools 아웃트로']"
보건복지 종사자를 위한 공문서 작성 기술,교육승인일로부터 21일,교육승인일로부터 21일,2024-01-18 , 2024-12-13,500,무료,접수진행중,,온라인,서울시어르신취업지원센터 온라인취업교육포털,"['공문서 이해와 작성 기준 파악_인트로', '공문서 이해와 작성 기준 파악_오늘의 고민 상담', '공문서 이해와 작성 기준 파악_학습목표', '공문서 이해와 작성 기준 파악_공문서 개념, 기능', '공문서 이해와 작성 기준 파악_문서 작성 기준과 기안문 작성 유의 사항', '공문서 이해와 작성 기준 파악_꿀팁 한 페이지', '공문서 이해와 작성 기준 파악_정리하기', '공문서 이해와 작성 기준 파악_아웃트로', '작성 기준 적용과 전형적인 문서 작성 실습_인트로', '작성 기준 적용과 전형적인 문서 작성 실습_오늘의 고민 상담', '작성 기준 적용과 전형적인 문서 작성 실습_학습목표', '작성 기준 적용과 전형적인 문서 작성 실습_공문서 작성 기준 적용 실습 ', '작성 기준 적용과 전형적인 문서 작성 실습_꿀팁 한 페이지', '작성 기준 적용과 전형적인 문서 작성 실습_정리하기', '작성 기준 적용과 전형적인 문서 작성 실습_아웃트로', '보고서 구성과 표기·표현_인트로', '보고서 구성과 표기·표현_오늘의 고민 상담', '보고서 구성과 표기·표현_학습목표', '보고서 구성과 표기·표현_보고서 종류와 논리 구조', '보고서 구성과 표기·표현_주제에 맞는 보고서 구성 방법', '보고서 구성과 표기·표현_꿀팁 한 페이지', '보고서 구성과 표기·표현_정리하기', '보고서 구성과 표기·표현_아웃트로', '논리 구조와 표기·표현 기준에 따른 보고서 작성 실습_인트로', '논리 구조와 표기·표현 기준에 따른 보고서 작성 실습_오늘의 고민 상담', '논리 구조와 표기·표현 기준에 따른 보고서 작성 실습_학습목표', '논리 구조와 표기·표현 기준에 따른 보고서 작성 실습_보고서 논리 구조에 따른 구성 실습', '논리 구조와 표기·표현 기준에 따른 보고서 작성 실습_표기·표현 기준 적용 실습', '논리 구조와 표기·표현 기준에 따른 보고서 작성 실습_꿀팁 한 페이지', '논리 구조와 표기·표현 기준에 따른 보고서 작성 실습_정리하기', '논리 구조와 표기·표현 기준에 따른 보고서 작성 실습_아웃트로']"
2023 민간일자리 훑어보기,교육승인일로부터 21일,교육승인일로부터 21일,2023-09-08 , 2024-12-31,500,무료,접수진행중,,온라인,서울시어르신취업지원센터 온라인취업교육포털,"['취업시장 이해', '분야별 민간일자리 이해, 민간일자리 지원 준비']"
도보배달원 교육(활용법),교육승인일로부터 21일,교육승인일로부터 21일,2023-09-08 , 2024-12-31,500,무료,접수진행중,,온라인,서울시어르신취업지원센터 온라인취업교육포털,"['도보배달 시장의 특징', '도보배달 분석 및 앱 다운 활용법, 스마트폰으로 길찾기 및 실습']"
안전사고 예방,교육승인일로부터 21일,교육승인일로부터 21일,2023-06-01 , 2025-12-31,500,무료,접수진행중,,온라인,서울시어르신취업지원센터 온라인취업교육포털,['노인일자리 참여자 안전사고 예방 워크북 안내 영상']
인권 교육,교육승인일로부터 21일,교육승인일로부터 21일,2023-06-01 , 2025-12-31,500,무료,접수진행중,,온라인,서울시어르신취업지원센터 온라인취업교육포털,"['인권을 돌려다오~', '평화를 돌려다오~', '웃음을 돌려다오~']"
성희롱 예방교육,교육승인일로부터 21일,교육승인일로부터 21일,2023-06-01 , 2025-12-31,500,무료,접수진행중,,온라인,서울시어르신취업지원센터 온라인취업교육포털,"['언어적 성희롱', '시각적 성희롱', '육체적 성희롱']"
안전 교육,교육승인일로부터 21일,교육승인일로부터 21일,2023-06-01 , 2025-12-31,500,무료,접수진행중,,온라인,서울시어르신취업지원센터 온라인취업교육포털,"['안전송 트로트', '안전 사고 예방', '시설물 사고 예방', '작업 안전 사고 예방', '골절 안전 사고 예방', '교통사고 예방', '운전사고 예방', '대중교통사고 예방', '계절성 안전 예방', '재난성 안전 예방', '감염병 안전 에방', '식중독 안전 예방']"
노인일자리 사례로 배우는 안전사고 예방교육,교육승인일로부터 21일,교육승인일로부터 21일,2023-06-01 , 2025-12-31,500,무료,접수진행중,,온라인,서울시어르신취업지원센터 온라인취업교육포털,"['안전사고 예방교육 들어가기', '낙상사고 사례 및 대처방법', '보행 이동 시 사고 사례 및 대처방법', '화상, 부딪힘/깔림, 베임 등 기타 유형 사고 사례 및 대처방법', '자연재해로 인한 사고 및 대처 방법', '상해의 종류 및 응급처치 방법']"
노인일자리 화상예방교육(노인 화상 예방송 포함),교육승인일로부터 21일,교육승인일로부터 21일,2023-06-01 , 2025-12-31,500,무료,접수진행중,,온라인,서울시어르신취업지원센터 온라인취업교육포털,"['노인일자리 화상예방교육 ', '노인화상 사고예방 및 응급처치를 위한 노인 화상 예방송_앗뜨거송', '노인화상 사고예방 및 응급처치를 위한 노인 화상 예방송_저온화상송']"
노인일자리 적응하기,교육승인일로부터 21일,교육승인일로부터 21일,2023-06-01 , 2025-12-31,500,무료,접수진행중,,온라인,서울시어르신취업지원센터 온라인취업교육포털,['노인일자리 적응하기']
노인일자리의 이해,교육승인일로부터 21일,교육승인일로부터 21일,2023-06-01 , 2025-12-31,500,무료,접수진행중,,온라인,서울시어르신취업지원센터 온라인취업교육포털,['노인일자리의 이해 ']
2023 공공일자리 훑어보기,교육승인일로부터 21일,교육승인일로부터 21일,2023-03-06 , 2024-12-31,500,무료,접수진행중,,온라인,서울시어르신취업지원센터 온라인취업교육포털,"['안전분야', '경비분야', '교통분야', '돌봄분야', '디지털분야']"
장롱면허 되살리기-요양보호사 취업설명회,교육승인일로부터 21일,교육승인일로부터 21일,2023-03-06 , 2024-12-31,500,무료,접수진행중,,온라인,서울시어르신취업지원센터 온라인취업교육포털,"['요양보호사 취업설명회-이론', '요양보호사 취업설명회-실전']"
[채용설명회] 시니어드라이버,교육승인일로부터 21일,교육승인일로부터 21일,2023-03-06 , 2024-12-31,500,무료,접수진행중,,온라인,서울시어르신취업지원센터 온라인취업교육포털,"['시니어드라이버-직무안내', '시니어드라이버-질의응답·업무 프로세스']"
취업 진단도구 활용법,교육승인일로부터 21일,교육승인일로부터 21일,2023-02-10 , 2023-12-31,500,무료,접수진행중,,온라인,서울시어르신취업지원센터 온라인취업교육포털,['취업 진단도구 활용법']
시니어 재취업 자격증 완전정복 - 국민내일배움카드 편,교육승인일로부터 21일,교육승인일로부터 21일,2022-10-18 , 2024-12-31,500,무료,접수진행중,,온라인,서울시어르신취업지원센터 온라인취업교육포털,['국민내일배움카드 편']
시니어 재취업 자격증 완전정복 - 사무직 분야편,교육승인일로부터 21일,교육승인일로부터 21일,2022-08-11 , 2024-12-31,500,무료,접수진행중,,온라인,서울시어르신취업지원센터 온라인취업교육포털,['사무직 분야 편']
시니어 재취업 자격증 완전정복 - 운전 분야편,교육승인일로부터 21일,교육승인일로부터 21일,2022-08-09 , 2024-12-31,500,무료,접수진행중,,온라인,서울시어르신취업지원센터 온라인취업교육포털,['운전 분야편']
시니어 재취업 자격증 완전정복 - 경비·시설 분야편,교육승인일로부터 21일,교육승인일로부터 21일,2022-06-17 , 2024-12-31,500,무료,접수진행중,,온라인,서울시어르신취업지원센터 온라인취업교육포털,['경비·시설 분야편']
시니어 재취업 자격증 완전정복 - 돌봄 분야편,교육승인일로부터 21일,교육승인일로부터 21일,2022-06-13 , 2024-12-31,500,무료,접수진행중,,온라인,서울시어르신취업지원센터 온라인취업교육포털,['돌봄 분야편']
방역원교육(입문),교육승인일로부터 21일,교육승인일로부터 21일,2021-12-09 , 2024-12-31,500,무료,접수진행중,,온라인,서울시어르신취업지원센터 온라인취업교육포털,"['방역원교육 1강', '방역원교육 2강']"
병원동행전문가(입문),교육승인일로부터 21일,교육승인일로부터 21일,2021-11-26 , 2024-12-31,200,무료,접수진행중,,온라인,서울시어르신취업지원센터 온라인취업교육포털,"['병원동행 서비스의 이해', '사회복지 패러다임의 변화와 노인복지']"
[놀이치료사] 아이의 마음을 여는 놀이치료 첫걸음,교육승인일로부터 21일,교육승인일로부터 21일,2021-11-24 , 2024-12-31,500,무료,접수진행중,,온라인,서울시어르신취업지원센터 온라인취업교육포털,"['놀이치료의 의미와 효과', '놀이치료사의 역할과 직무', '놀이치료의 상담환경에 대한 이해', '놀이치료의 과정 - 접수상담의 이론과 실제']"
[여행상품개발자] 기초부터 실무까지,교육승인일로부터 21일,교육승인일로부터 21일,2021-11-24 , 2024-12-31,500,무료,접수진행중,,온라인,서울시어르신취업지원센터 온라인취업교육포털,"['여행상품개발자와 관광산업의 이해', '여행상품의 이해', '여행상품의 기획', '여행상품 기획 실전1 - 국내 여행상품', '여행상품 기획 실전2 - 해외 여행상품', '여행상품 기획 실전3 - 축제, MICE', '여행상품 기힉 실전 4 - FIT 여행상품', '여행상품 브랜드', '우수여행상품 분석', '여행상품기획자의 진로']"
[커리어컨설턴트] 실무중심의 커리어컨설팅 상담의 실제,교육승인일로부터 21일,교육승인일로부터 21일,2021-11-24 , 2024-12-31,500,무료,접수진행중,,온라인,서울시어르신취업지원센터 온라인취업교육포털,"['내담자 특성별 커리어컨설팅의 실제', '구직 스트레스의 특성 이해', '구직 스트레스 특성과 관리법', '사이버상담의 기법과 실제', '전화상담의 기법과 실제']"
[웃음치료사] 몸과 마음을 치유하는 웃음치료 첫걸음,교육승인일로부터 21일,교육승인일로부터 21일,2021-11-24 , 2024-12-31,500,무료,접수진행중,,온라인,서울시어르신취업지원센터 온라인취업교육포털,"['웃음치료의 중요성 및 웃음치료사의 역할', '웃음원리와 웃음치료의 기본원리', '웃음의 건강학과 성공학', '웃음치료 과정', '웃음치료 프로그램 설계와 응용']"
[미술치료사] 그림으로 마음을 읽는 미술치료 첫걸음,교육승인일로부터 21일,교육승인일로부터 21일,2021-11-24 , 2024-12-31,500,무료,접수진행중,,온라인,서울시어르신취업지원센터 온라인취업교육포털,"['미술치료의 개념과 미술치료 과정', '미술치료의 세가지 이론적 관점', '미술치료의 장점과 치료목적', '미술치료의 적용대상과 미술치료사의 역할', '아동미술치료 사례']"
[창업] 필수 근로기준법과 인사서식,교육승인일로부터 21일,교육승인일로부터 21일,2021-11-24 , 2024-12-31,500,무료,접수진행중,,온라인,서울시어르신취업지원센터 온라인취업교육포털,"['모든 사업장에 적용되는 근로기준법 알아보기', '인사서식구비와 5인 이상 사업장에 적용되는 근로기준법 알기']"
[창업] 분쟁 예방을 위한 창업지식 재산권,교육승인일로부터 21일,교육승인일로부터 21일,2021-11-24 , 2024-12-31,500,무료,접수진행중,,온라인,서울시어르신취업지원센터 온라인취업교육포털,"['창업자를 위한 지식재산권 Point', '지식재산권 분쟁땐 이렇게 대응하자']"
[창업] 창업자에게 꼭 필요한 회계세무 기초지식 쌓기,교육승인일로부터 21일,교육승인일로부터 21일,2021-11-24 , 2024-12-31,500,무료,접수진행중,,온라인,서울시어르신취업지원센터 온라인취업교육포털,"['창업을 위한 회계 기초 지식 쌓기', '창업을 위한 세무 기초 지식 쌓기']"
[창업] 마케팅 이렇게 시작하라,교육승인일로부터 21일,교육승인일로부터 21일,2021-11-24 , 2024-12-31,500,무료,접수진행중,,온라인,서울시어르신취업지원센터 온라인취업교육포털,"['온/오프라인 마케팅에 대한 이해', '온/오프라인 실전 마케팅 전략']"
[창업] 창업 트렌드 분석과 전략적 사업계획서 작성하기,교육승인일로부터 21일,교육승인일로부터 21일,2021-11-24 , 2024-12-31,500,무료,접수진행중,,온라인,서울시어르신취업지원센터 온라인취업교육포털,"['창업 생태계와 트렌드 분석', '비즈니스모델 캔버스로 사업계획서 뼈대를 완성하자', '사업계획서 작성에도 전략이 필요하다!', '업종별 사업 계획서 작성 사례보기']"
학습매니저,교육승인일로부터 21일,교육승인일로부터 21일,2021-11-24 , 2024-12-31,500,무료,접수진행중,,온라인,서울시어르신취업지원센터 온라인취업교육포털,"['아이들의 눈높이에 맞게 학습 습관을 길러주는, 학습매니저']"
플레이튜터,교육승인일로부터 21일,교육승인일로부터 21일,2021-11-24 , 2024-12-31,500,무료,접수진행중,,온라인,서울시어르신취업지원센터 온라인취업교육포털,"['통하는 플레이로 성장하는 아이로, 플레이 튜터']"
독서치료사,교육승인일로부터 21일,교육승인일로부터 21일,2021-11-24 , 2024-12-31,500,무료,접수진행중,,온라인,서울시어르신취업지원센터 온라인취업교육포털,"['우리 아이의 잠재력을 이끌어주는, 독서치료사']"
아동요리교실 전문가,교육승인일로부터 21일,교육승인일로부터 21일,2021-11-24 , 2024-12-31,500,무료,접수진행중,,온라인,서울시어르신취업지원센터 온라인취업교육포털,"['주부 능력을 십분 발휘하는, 아동요리교실 전문가']"
정리정돈 컨설턴트,교육승인일로부터 21일,교육승인일로부터 21일,2021-11-24 , 2024-12-31,500,무료,접수진행중,,온라인,서울시어르신취업지원센터 온라인취업교육포털,"['잡동사니 아웃, 정리정돈 컨설턴트']"
디지털 사진편집가,교육승인일로부터 21일,교육승인일로부터 21일,2021-11-24 , 2024-12-31,500,무료,접수진행중,,온라인,서울시어르신취업지원센터 온라인취업교육포털,"['기억에 남는 사진을 재창조하는, 디지털 사진편집가']"
여가 컨설턴트,교육승인일로부터 21일,교육승인일로부터 21일,2021-11-24 , 2024-12-31,500,무료,접수진행중,,온라인,서울시어르신취업지원센터 온라인취업교육포털,"['여가문화를 선도하는, 여가 컨설턴트']"
은퇴설계 컨설턴트,교육승인일로부터 21일,교육승인일로부터 21일,2021-11-24 , 2024-12-31,500,무료,접수진행중,,온라인,서울시어르신취업지원센터 온라인취업교육포털,"['품위 있는 삶으로 설계해 주는, 은퇴설계 컨설턴트']"
다문화가정 상담사,교육승인일로부터 21일,교육승인일로부터 21일,2021-11-24 , 2024-12-31,500,무료,접수진행중,,온라인,서울시어르신취업지원센터 온라인취업교육포털,"['다른 환경-같은 공간, 가족의 이야기를 들어주는 다문화가정 상담사']"
SNS활용능력 지도사,교육승인일로부터 21일,교육승인일로부터 21일,2021-11-24 , 2024-12-31,500,무료,접수진행중,,온라인,서울시어르신취업지원센터 온라인취업교육포털,['엄지로 세상을 만드는 전문가 SNS활용능력 지도사']
채용 지원서류 작성법 교육,교육승인일로부터 21일,교육승인일로부터 21일,2021-08-06 , 2024-12-31,100,무료,접수진행중,,온라인,서울시어르신취업지원센터 온라인취업교육포털,"['1강 시니어 일자리의 개념', '2강 노인일자리 및 사회활동 지원사업 지원하기', '3강 신중년 일자리 지원하기', '4강 서울시 일자리 지원하기', '5강 기타 사회서비스 일자리 및 민간부문 일자리 지원하기']"
바리스타2급 온라인이론,교육승인일로부터 21일,교육승인일로부터 21일,2021-05-28 , 2024-12-31,500,무료,접수진행중,,온라인,서울시어르신취업지원센터 온라인취업교육포털,"['1강_커피의 기초', '2강_커피 생산국과 특성', '3강_로스팅 기초의 이해', '4강_추출의 정의와 과정', '5강_에스프레소 도구 소개', '6강_에스프레소 추출', '7강_우유스티밍', '8강_핫음료 제조', '9강_아이스음료 제조', '10강_장비청소법']"
직장 내 의사소통법 교육,교육승인일로부터 21일,교육승인일로부터 21일,2021-04-22 , 2024-12-31,100,무료,접수진행중,,온라인,서울시어르신취업지원센터 온라인취업교육포털,"['1강 의사소통의 개념', '2강 사람의 유형 및 특성', '3강 별 문제없는 직장생활① - 의사소통 기법', '4강 별 문제없는 직장생활② - 올바른 감정 전달법', '5강 슬기로운 직장생활을 위한 TIP']"
슬기로운 노무생활,교육승인일로부터 21일,교육승인일로부터 21일,2021-03-29 , 2024-12-31,100,무료,접수진행중,,온라인,서울시어르신취업지원센터 온라인취업교육포털,"['1강 임금체불, 어떻게 할까요?\t', '2강 부당해고, 어떻게 할까요?\t', '3강 산업재해, 어떻게 할까요?\t']"
도보배달원 훈련,교육승인일로부터 21일,교육승인일로부터 21일,2021-03-29 , 2024-12-31,100,무료,접수진행중,,온라인,서울시어르신취업지원센터 온라인취업교육포털,"['1강 도보배달의 이해\t', '2강 도보배달원 실습 1\t', '3강 도보배달 실습 ', '4강 서비스마인드 ', '5강 서비스 마인드 ']"
웨딩쇼퍼 훈련(NEW),교육승인일로부터 21일,교육승인일로부터 21일,2021-03-29 , 2024-12-31,100,무료,접수진행중,,온라인,서울시어르신취업지원센터 온라인취업교육포털,"['1강 웨딩쇼퍼의 이해', '2강 웨딩쇼퍼의 의무와 스타일\t', '3강 웨딩쇼퍼의 실제 1\t', '4강 웨딩쇼퍼의 실제 2\t', '5강 서비스 마인드\t', '6강 영상으로 보는 현장실습(NEW)']"
바리스타 스킬업,교육승인일로부터 21일,교육승인일로부터 21일,2021-03-29 , 2024-12-31,100,무료,접수진행중,,온라인,서울시어르신취업지원센터 온라인취업교육포털,"['1강 맛있는 에스프레소 커피 추출\t', '2강 우유스티밍(마이크로 폼)\t', '3강 우유안정화 및 푸어링 기법\t', '4강 핸드드립 커피 내리는 법\t', '5강 플랫화잍, 롱블랙 제작\t']"
핸드드립 실기,교육승인일로부터 21일,교육승인일로부터 21일,2021-03-29 , 2024-12-31,100,무료,접수진행중,,온라인,서울시어르신취업지원센터 온라인취업교육포털,"['1강 추출을 위한 도구별 특징', '2강 커피 배전도와 추출방법', '3강 커피 생산국별 추출방법', '4강 커피 추출 레시피 작성방법\t', '5강 나만의 커피 추출법 개발\t']"
핸드드립 이론,교육승인일로부터 21일,교육승인일로부터 21일,2021-03-29 , 2024-12-31,100,무료,접수진행중,,온라인,서울시어르신취업지원센터 온라인취업교육포털,"['1강 커피의기초', '2강 국가별 커피의 특징', '3강 커피로스팅의 기초 지식', '4강 추출과정의 이해', '5강 도구 설명 및 사용법']"
재취업6하원칙,교육승인일로부터 21일,교육승인일로부터 21일,2021-03-25 , 2024-12-31,100,무료,접수진행중,,온라인,서울시어르신취업지원센터 온라인취업교육포털,['1강 재취업6하원칙']
소양교육_온라인 취업준비교육,교육승인일로부터 21일,교육승인일로부터 21일,2021-01-01 , 2024-12-31,100,무료,접수진행중,,온라인,서울시어르신취업지원센터 온라인취업교육포털,"['온라인 취업준비교육 1강', '온라인 취업준비교육 2강', '온라인 취업준비교육 3강', '온라인 취업준비교육 4강', '온라인 취업준비교육 5강']"
슬기로운 직장생활,교육승인일로부터 21일,교육승인일로부터 21일,2021-01-01 , 2024-12-31,100,무료,접수진행중,,온라인,서울시어르신취업지원센터 온라인취업교육포털,"['슬기로운 직장생활 1화', '슬기로운 직장생활 2화', '슬기로운 직장생활 3화', '슬기로운 직장생활 4화', '슬기로운 직장생활 5화']"
